dteday,yr,mnth,holiday,weekday,workingday,temp,hum,windspeed,is_weekend,cnt_lag_7,season_2,season_3,season_4,weathersit_2,weathersit_3,cnt
2011-01-08,0,1,0,6,0,-1.8280305692071388,-0.6507499037085915,0.9816162334909359,1,-1.8421175885910068,False,False,False,True,False,959
2011-01-09,0,1,0,0,0,-1.9745169634990039,-1.3649821296948372,2.2069712509290245,0,-1.9377150099807714,False,False,False,False,False,822
2011-01-10,0,1,0,1,1,-1.9058523244826797,-1.0224996771853507,0.42091708277307016,0,-1.6530009506242986,False,False,False,False,False,1321
2011-01-11,0,1,0,2,1,-1.8055580061498762,0.4067726821110096,-0.8815683573778671,0,-1.542336544341582,False,False,False,True,False,1263
2011-01-12,0,1,0,3,1,-1.7855848359528077,-0.20315519572327004,1.468726598872148,0,-1.5225935986197827,False,False,False,False,False,1162
2011-01-13,0,1,0,4,1,-1.8280305692071388,-1.110315690649322,1.4220156215504747,0,-1.5194762914005513,False,False,False,False,False,1406
2011-01-14,0,1,0,5,1,-1.850717365938132,-0.6367485185218958,-0.8246961004568554,1,-1.5693532069082545,False,False,False,False,False,1421
2011-01-15,0,1,0,6,0,-1.4526657069749407,-0.9112684018913463,-0.42011232528167664,1,-1.855625919874343,False,False,False,True,False,1248
2011-01-16,0,1,0,0,0,-1.4618173300630364,-1.0166476180481114,-0.027698903999241704,0,-1.9268044347134612,False,False,False,False,False,1204
2011-01-17,0,1,1,1,0,-1.7685230464500317,-0.6390387601530365,0.044215652759574155,0,-1.6675483843140453,False,False,False,True,False,1000
2011-01-18,0,1,0,2,1,-1.5442148968826253,1.63832553077297,-0.5641990124266679,0,-1.6976823540999495,False,False,False,True,False,683
2011-01-19,0,1,0,3,1,-1.1294420250261787,0.7957976217564015,0.22838079632172786,0,-1.750157025623679,False,False,False,True,False,1650
2011-01-20,0,1,0,4,1,-1.2970221964238589,-0.6331867010157977,0.06851772450095764,0,-1.6233865320415999,False,False,False,True,False,1927
2011-01-21,0,1,0,5,1,-1.7593659301908147,-1.2039907885316086,2.0948236935766307,1,-1.615593263993521,False,False,False,False,False,1543
2011-01-22,0,1,0,6,0,-2.4095903985513485,-1.605014908256717,-0.23972063536034174,1,-1.705475622148028,False,False,False,False,False,981
2011-01-23,0,1,0,0,0,-2.2041935892032622,-1.3484375927582253,0.7214153551322123,0,-1.7283358750890587,False,False,False,False,False,986
2011-01-24,0,1,0,1,1,-2.1994167275961747,-0.9605226475230186,-0.4153858492196269,0,-1.834324320542928,False,False,False,False,False,1416
2011-01-25,0,1,0,2,1,-1.5068009083754106,-0.08083100160849713,-0.7828661433736473,0,-1.9990220519589899,False,False,False,True,False,1985
2011-01-26,0,1,0,3,1,-1.5396390853385777,1.6441775899102096,1.329933049769398,0,-1.4966160384595206,False,False,False,False,True,506
2011-01-27,0,1,0,4,1,-1.6632354355679608,0.4147534014146155,-0.9883970193252843,0,-1.3527003551716685,False,False,False,False,False,431
2011-01-28,0,1,0,5,1,-1.6166643308015292,1.1562226421368471,-0.8665260575400632,1,-1.5522080172024817,False,False,False,True,False,1167
2011-01-29,0,1,0,6,0,-1.654874829121333,0.16352232481580983,-0.5823579531555235,1,-1.8441957934038278,False,False,False,False,False,1098
2011-01-30,0,1,0,0,0,-1.5450114066952148,0.6583479974825938,-1.5016691380374168,0,-1.8415980373878016,False,False,False,False,False,1096
2011-01-31,0,1,0,1,1,-1.7410571908435022,-0.1736138887939901,-0.04368134757690822,0,-1.6181910200095473,False,False,False,True,False,1501
2011-02-01,0,2,0,2,1,-1.6787591371567714,1.4127999576353385,-1.7691541985778716,0,-1.3225663853857645,False,False,False,True,False,1360
2011-02-02,0,2,0,3,1,-1.3061793126830756,1.0323950378715705,0.949471044796451,0,-2.0909826149263178,False,False,False,True,False,1526
2011-02-03,0,2,0,4,1,-1.7074170108966245,-1.339276626233664,1.1226120371076114,0,-2.129948955166711,False,False,False,False,False,1550
2011-02-04,0,2,0,5,1,-1.5736747736061891,-0.30381342299621217,-0.8080697228107894,1,-1.7475592696076527,False,False,False,True,False,1708
2011-02-05,0,2,0,6,0,-1.4526657069749407,2.1125320034784134,-0.37998235413904224,1,-1.7834083026288143,False,False,False,True,False,1005
2011-02-06,0,2,0,0,0,-1.1642742231063796,-0.42242826870226713,-0.628270452232382,0,-1.7844474050352248,False,False,False,False,False,1623
2011-02-07,0,2,0,1,1,-1.2420904852107995,0.7718695144077385,-1.869668443050567,0,-1.5740291677371019,False,False,False,False,False,1712
2011-02-08,0,2,0,2,1,-1.5213303459912648,-0.6361092179438784,2.2069712509290245,0,-1.647285887389041,False,False,False,False,False,1530
2011-02-09,0,2,0,3,1,-1.99401772097964,-0.9391376919242724,-0.022470159363840475,0,-1.5610403876569707,False,False,False,True,False,1605
2011-02-10,0,2,0,4,1,-1.9414755392043488,-1.3423326235022104,0.4037626791909171,0,-1.548571158780045,False,False,False,False,False,1538
2011-02-11,0,2,0,5,1,-1.6956945837237576,-0.8577779117701722,-1.0564866077178092,1,-1.4664820686736166,False,False,False,False,False,1746
2011-02-12,0,2,0,6,0,-1.512173229732048,-0.5922012112118932,0.164631323550213,1,-1.8317265645269019,False,False,False,False,False,1472
2011-02-13,0,2,0,0,0,-0.9956942945646219,-1.2018270019598565,0.9053615611111098,0,-1.5106439209460623,False,False,False,False,False,1589
2011-02-14,0,2,0,1,1,-0.4547377888806572,-1.7747948760474204,2.9276365029186047,0,-1.4644038638607957,False,False,False,False,False,1913
2011-02-15,0,2,0,2,1,-1.2727423800676865,-2.2067442830740007,1.298045434702273,0,-1.5589621828441498,False,False,False,False,False,1815
2011-02-16,0,2,0,3,1,-0.986141669984671,-1.4400753591281483,0.7882685901134105,0,-1.5199958426037565,False,False,False,False,False,2115
2011-02-17,0,2,0,4,1,-0.34029855491049055,-0.8673603951593609,0.5089686272859685,0,-1.5548057732185079,False,False,False,False,False,2475
2011-02-18,0,2,0,5,1,0.13120229511568213,-0.785396440832629,0.9574171912004967,1,-1.4467391229518174,False,False,False,False,False,2927
2011-02-19,0,2,0,6,0,-0.5417111672442938,-3.094957594935066,4.080986812828301,1,-1.5890961526300538,False,False,False,False,False,1635
2011-02-20,0,2,0,0,0,-1.1676580165171042,-1.550035058547194,0.4205049649692946,0,-1.5283086618550406,False,False,False,False,False,1812
2011-02-21,0,2,1,1,0,-1.0681437284835258,-0.16483228744759318,1.510183074195685,0,-1.359974072016542,False,False,False,True,False,1107
2011-02-22,0,2,0,2,1,-1.733427176156008,-0.35607448892889043,0.06567153591863346,0,-1.4108900899306558,False,False,False,False,False,1450
2011-02-23,0,2,0,3,1,-1.516353532955362,-1.4431313563966945,-1.2424161306273764,0,-1.255024728969083,False,False,False,False,False,1917
2011-02-24,0,2,0,4,1,-1.1103367758662765,0.48424045654838627,0.771590697741873,0,-1.067986295815196,False,False,False,True,False,1807
2011-02-25,0,2,0,5,1,-0.7329778925170448,0.5880951867114169,2.0084978923670422,1,-0.8331491519664264,False,False,False,True,False,1461
2011-02-26,0,2,0,6,0,-1.1825829624536925,-0.6361092179438784,-0.05167900870642565,1,-1.5044093065075994,False,False,False,False,False,1969
2011-02-27,0,2,0,0,0,-0.8476203738186995,0.3620637933362332,-0.8414383862352329,0,-1.4124487435402715,False,False,False,False,False,2402
2011-02-28,0,2,0,1,1,-0.49718352213498795,1.741576086763369,1.2763062205531177,0,-1.7787323417999672,False,False,False,True,False,1446
2011-03-01,0,3,0,2,1,-1.2695563408173292,-0.6566019628458304,0.3328011448533322,0,-1.6005262791005692,False,False,False,False,False,1851
2011-03-02,0,3,0,3,1,-0.894191478585131,-1.2566803966099913,1.5100156513379015,0,-1.3578958672037211,False,False,False,False,False,2134
2011-03-03,0,3,0,4,1,-1.644926696220648,-2.178748537981687,0.4529463633352435,0,-1.4150464995562977,False,False,False,False,False,1685
2011-03-04,0,3,0,5,1,-1.2970221964238589,-0.1267763398528467,0.16436087124148546,1,-1.5948112158653114,False,False,False,True,False,1944
2011-03-05,0,3,0,6,0,-0.6241087340638828,1.1289926526819383,0.7892988846228495,1,-1.3308792046370483,False,False,False,True,False,2077
2011-03-06,0,3,0,0,0,-0.6661040272862664,2.2466727203648986,1.9666164205583623,0,-1.1059135336491785,False,False,False,True,False,605
2011-03-07,0,3,0,1,1,-1.2966266881031245,-0.5420617801645038,1.9416961721113155,0,-1.6026044839133902,False,False,False,False,False,1872
2011-03-08,0,3,0,2,1,-1.1276512512406331,-1.4586572275771246,-0.9006545631652177,0,-1.392186246615267,False,False,False,False,False,2133
2011-03-09,0,3,0,3,1,-1.1093425118933202,1.0323950378715705,0.3807742329490681,0,-1.2451532561081835,False,False,False,True,False,1891
2011-03-10,0,3,0,4,1,-0.5970603594625722,-4.415127339103789,0.9181629703908853,0,-1.4784317463473373,False,False,False,False,True,623
2011-03-11,0,3,0,5,1,-0.9956942945646219,0.14824936375415593,0.5458789280866072,1,-1.3438679847171795,False,False,False,True,False,1977
2011-03-12,0,3,0,6,0,-0.9262331457357087,-0.2380146404279281,0.38882340880405714,1,-1.2747676746908823,False,False,False,False,False,2132
2011-03-13,0,3,0,0,0,-0.6231144700909262,-0.7100573265616186,1.0305552226892707,0,-2.0395470458089986,False,False,False,False,False,2417
2011-03-14,0,3,0,1,1,-0.9479311716648672,-0.9238647308626186,-0.6910411452199302,0,-1.381275671347957,False,False,False,False,False,2046
2011-03-15,0,3,0,2,1,-0.9909207288602073,0.1910122496705717,-0.0808105859608025,0,-1.2456728073113887,False,False,False,True,False,2056
2011-03-16,0,3,0,3,1,-0.7282043268126299,1.0401579734617858,0.16141165320821732,0,-1.3714041984870573,False,False,False,True,False,2192
2011-03-17,0,3,0,4,1,-0.4547377888806572,-0.17946594793122894,0.24463369220812192,0,-2.0301951241513043,False,False,False,False,False,2744
2011-03-18,0,3,0,5,1,0.23190860128258392,-0.7253302876232726,0.5207268633749367,1,-1.3267227950114064,False,False,False,False,False,3239
2011-03-19,0,3,0,6,0,-0.13888044940556643,-1.75137258893631,2.287038012993774,1,-1.246192358514594,False,False,False,False,False,3117
2011-03-20,0,3,0,0,0,-0.9079244063883959,-1.0869004288192883,0.22070510222640996,0,-1.0981202656011,False,False,False,False,False,2471
2011-03-21,0,3,0,1,1,-0.36995069262330005,0.7652516996330937,1.2646767712778295,0,-1.2908737619902448,True,False,False,True,False,2077
2011-03-22,0,3,0,2,1,-0.3082513945887921,-0.02725620811439756,0.4528948486097715,0,-1.2856782499581925,True,False,False,False,False,2703
2011-03-23,0,3,0,3,1,-0.8285096314876761,1.4830527684065153,0.5625053057326728,0,-1.2150192863222795,True,False,False,True,False,2121
2011-03-24,0,3,0,4,1,-1.1688500346504276,1.246075987113182,0.6851876244440767,0,-0.9282270221529857,True,False,False,True,False,1865
2011-03-25,0,3,0,5,1,-1.283289268620594,-0.9376132059305378,0.5169662884154859,1,-0.6710491765663908,True,False,False,False,False,2210
2011-03-26,0,3,0,6,0,-1.2741376455324982,-1.6459933727795448,0.2445306627571783,1,-0.7344344233574304,True,False,False,False,False,2496
2011-03-27,0,3,0,0,0,-1.3443953041740009,-0.9452496864613648,-0.08092649409311446,0,-1.070064500628017,True,False,False,True,False,1693
2011-03-28,0,3,0,1,1,-1.2822950046476373,-2.2922700549068313,0.27844023079907687,0,-1.2747676746908823,True,False,False,False,False,2028
2011-03-29,0,3,0,2,1,-1.0727195400275737,-2.208015858948959,0.468941685594278,0,-0.9495286214844006,True,False,False,False,False,2425
2011-03-30,0,3,0,3,1,-1.0864524678308387,0.1278900991926692,-0.2278980058645339,0,-1.2519074217498516,True,False,False,True,False,1536
2011-03-31,0,3,0,4,1,-1.2604047177292335,2.03642010828892,0.34852601480363915,0,-1.3849125297703937,True,False,False,False,True,1685
2011-04-01,0,4,0,5,1,-1.0864524678308387,0.40597180006821854,0.8773504291357475,1,-1.205667364664585,True,False,False,True,False,2227
2011-04-02,0,4,0,6,0,-1.0040549010112496,0.17765016506189416,0.08451304675999215,1,-1.0570757205478858,True,False,False,True,False,2252
2011-04-03,0,4,0,0,0,-0.6561558943855816,-1.042992422087303,-0.10780430210809422,0,-1.4742753367216952,True,False,False,False,False,3249
2011-04-04,0,4,0,1,1,0.41501247426907406,-1.420601279982378,2.511178583522146,0,-1.3002256836479391,True,False,False,False,False,3115
2011-04-05,0,4,0,2,1,-0.45931360042470487,0.09568621073516154,2.5433237722166306,0,-1.093963855975458,True,False,False,True,False,1795
2011-04-06,0,4,0,3,1,-0.5874912553692575,-1.1073931737212406,0.9334370864933125,0,-1.5558448756249184,True,False,False,False,False,2808
2011-04-07,0,4,0,4,1,-0.3311414386512737,-0.17946594793122894,-0.36410294001231935,0,-1.4784317463473373,True,False,False,False,False,3141
2011-04-08,0,4,0,5,1,-0.8896156670410834,1.4597639616358706,0.468890170868806,1,-1.196834994210096,True,False,False,True,False,1471
2011-04-09,0,4,0,6,0,-0.8529926951753366,1.7495568060669742,-0.7405339177170878,1,-1.1838462141299648,True,False,False,True,False,2455
2011-04-10,0,4,0,0,0,-0.39064896140838073,1.6090511845246211,-0.5643020418776116,0,-0.6658536645343385,True,False,False,True,False,2895
2011-04-11,0,4,0,1,1,0.5376145605255009,0.621690080822194,1.7243297879825021,0,-0.7354735257638408,True,False,False,True,False,3348
2011-04-12,0,4,0,2,1,0.025914684233611193,0.7777285988260547,1.0856115855373967,0,-1.4212811139947605,True,False,False,True,False,2034
2011-04-13,0,4,0,3,1,-0.468470716683922,1.3397510849954688,0.7731490181873987,0,-0.8949757451478503,True,False,False,True,False,2162
2011-04-14,0,4,0,4,1,-0.1663463050120958,-0.6185460152510839,-1.0287974427766462,0,-0.7219651944805046,True,False,False,False,False,3267
2011-04-15,0,4,1,5,0,-0.2807855389822624,0.30059258391145327,0.46094402446476057,1,-1.589615703833259,True,False,False,False,False,3126
2011-04-16,0,4,0,6,0,-0.3677644105170202,1.8256616759753905,1.934690169447133,1,-1.0783773198793007,True,False,False,False,True,795
2011-04-17,0,4,0,0,0,-0.2258538277692031,-1.0459219642964612,1.4541608102449597,0,-0.8497747904689942,True,False,False,False,False,3744
2011-04-18,0,4,0,1,1,0.08084639544667051,-0.6039123547674481,-0.34794019489550126,0,-0.6144180954170194,True,False,False,False,False,3429
2011-04-19,0,4,0,2,1,0.044223423580924015,0.26253663631670676,-0.4200092958307327,0,-1.2971083764287077,True,False,False,True,False,3204
2011-04-20,0,4,0,3,1,0.5340330129544095,-0.10043153581365517,0.6612075197368927,0,-1.2306058224184366,True,False,False,False,False,3944
2011-04-21,0,4,0,4,1,-0.21212089996593828,-1.555254842387493,1.7344266741750007,0,-0.6565017428766441,True,False,False,False,False,4189
2011-04-22,0,4,0,5,1,-0.8850343623259143,0.7103983049829586,0.37267354236860667,1,-0.7297584625285832,True,False,False,True,False,1683
2011-04-23,0,4,0,6,0,-0.20754508842189026,1.822739159047309,0.5169662884154859,1,-1.9408323172000028,True,False,False,True,False,4036
2011-04-24,0,4,0,0,0,0.460792562394038,1.2812023924987703,0.020493121679750117,0,-0.4086758189477435,True,False,False,True,False,4191
2011-04-25,0,4,0,1,1,0.5981218404266857,1.0411766392179675,-0.06762281623998818,0,-0.5723344479573949,True,False,False,False,False,4073
2011-04-26,0,4,0,2,1,0.735451118459334,0.7074757880548779,1.7504219964340357,0,-0.6892334686785744,True,False,False,False,False,4400
2011-04-27,0,4,0,3,1,0.6713622909870578,1.453911902498631,1.5662568528718817,0,-0.3047655783066951,True,False,False,True,False,3872
2011-04-28,0,4,0,4,1,0.6576293631837933,0.5084214740158257,1.678404410224276,0,-0.17747553352141077,True,False,False,True,False,4058
2011-04-29,0,4,0,5,1,0.06711346764340598,-1.2039907885316086,0.6372274150297088,1,-1.4794708487537478,True,False,False,False,False,4595
2011-04-30,0,4,0,6,0,-0.13888044940556643,-0.879071538714916,0.5729885523662108,1,-0.2569668676118128,True,False,False,False,False,5312
2011-05-01,0,5,0,0,0,-0.25331968337573274,0.9387199399892829,-1.0847681920018992,0,-0.17643643111500026,True,False,False,True,False,3351
2011-05-02,0,5,0,1,1,0.28226450095159494,0.7133278471921167,-0.09182185853042771,0,-0.23774347309321886,True,False,False,True,False,4401
2011-05-03,0,5,0,2,1,0.653053551639745,0.48207666997663423,1.958631638110213,0,-0.06785022964510465,True,False,False,True,False,4451
2011-05-04,0,5,0,3,1,-0.45931360042470487,0.7630879130613416,1.7825671851285205,0,-0.3421732649374725,True,False,False,True,False,2633
2011-05-05,0,5,0,4,1,-0.21212089996593828,-1.2947293189236608,1.3497919764388273,0,-0.24553674114129748,True,False,False,False,False,4433
2011-05-06,0,5,0,5,1,-0.10225747753981963,-0.27021150360435847,0.4850400373042565,1,0.03346225497991758,True,False,False,False,False,4608
2011-05-07,0,5,0,6,0,0.12204517885646529,-0.612693956113845,-0.3880830447195033,1,0.4059804676780762,True,False,False,False,False,4714
2011-05-08,0,5,0,0,0,0.16781977381030777,0.022510883035903928,-1.4932348896095249,0,-0.6128594418074037,True,False,False,False,False,4333
2011-05-09,0,5,0,1,1,0.19070981787278912,-0.27899310495075536,-0.18781954944737148,0,-0.06733067844189941,True,False,False,False,False,4362
2011-05-10,0,5,0,2,1,0.19070981787278912,-0.978591670453365,-0.9647775176964039,0,-0.0413531182816373,True,False,False,False,False,4803
2011-05-11,0,5,0,3,1,0.24564152908584844,0.03129248438230084,-0.9007575926161615,0,-0.9858972057087676,True,False,False,False,False,4182
2011-05-12,0,5,0,4,1,0.20444274567605425,0.8362702660416765,-0.011806611191150802,0,-0.050705039939331654,True,False,False,False,False,4864
2011-05-13,0,5,0,5,1,0.08084639544667051,1.6500296490474484,-0.1398464613516356,1,0.04021642062158573,True,False,False,True,False,4105
2011-05-14,0,5,0,6,0,0.12662099040051297,2.0656944545372697,-0.7164894196030642,1,0.09528884816134141,True,False,False,True,False,3409
2011-05-15,0,5,0,0,0,0.35550495151196704,1.67637445308664,-0.48429967321970263,0,-0.10266016025985587,True,False,False,True,False,4553
2011-05-16,0,5,0,1,1,0.437902518331556,1.1202110513355412,-0.8205362863749966,0,-0.08759317536690385,True,False,False,False,False,3958
2011-05-17,0,5,0,2,1,0.35092913996791936,1.4714751051914254,1.1174863219231541,0,0.14152890524660797,True,False,False,True,False,4123
2011-05-18,0,5,0,3,1,0.28684031249564323,1.6968671979885919,0.1404837959852455,0,-0.18111239194384746,True,False,False,True,False,3855
2011-05-19,0,5,0,4,1,0.1815527016135723,1.4129264126947263,-1.0608267233388193,0,0.17322152864212773,True,False,False,True,False,4575
2011-05-20,0,5,0,5,1,0.21359986193527108,0.6401454942117818,-0.8444648763567086,1,-0.2211178345906511,True,False,False,False,False,4917
2011-05-21,0,5,0,6,0,0.5752317963642043,-0.012615522349684497,-0.9006545631652177,1,-0.5827254720214997,True,False,False,False,False,5805
2011-05-22,0,5,0,0,0,0.5843889126234212,0.8509039265253123,-0.548319598299945,0,0.011641104445297408,True,False,False,False,False,4660
2011-05-23,0,5,0,1,1,0.735451118459334,1.2753503333615315,0.5571091382394879,0,-0.2974918614618217,True,False,False,True,False,4274
2011-05-24,0,5,0,2,1,0.891089135839295,0.7894327171005323,0.2126044116459489,0,-0.21176591293295674,True,False,False,True,False,4492
2011-05-25,0,5,0,3,1,0.8956649473833427,0.4762246108393954,-0.46814980678425216,0,-0.35100563539196167,True,False,False,False,False,4978
2011-05-26,0,5,0,4,1,1.1565905756453743,0.3445005906434386,0.11665823545447712,0,0.023071230915812736,True,False,False,False,False,4677
2011-05-27,0,5,0,5,1,1.0101096745246305,0.17765016506189416,0.6451606827523862,1,0.20075774241200556,True,False,False,False,False,4679
2011-05-28,0,5,0,6,0,0.8681990917768131,0.7103983049829586,0.5088140831095526,1,0.6621192108582606,True,False,False,False,False,4758
2011-05-29,0,5,0,0,0,0.9322879192490893,1.3368215427863106,0.3007718642911588,0,0.06723308318825832,True,False,False,False,False,4788
2011-05-30,0,5,1,1,0,1.2939198536780225,0.3971901987218216,-0.7644625076987998,0,-0.13331368124896517,True,False,False,False,False,4098
2011-05-31,0,5,0,2,1,1.5228038147894765,0.05763728842149236,-1.0206967521961852,0,-0.020051518950222367,True,False,False,False,False,3982
2011-06-01,0,6,0,3,1,1.4632962920323695,0.34157104843428054,0.2126044116459489,0,0.23245036580752534,True,False,False,True,False,3974
2011-06-02,0,6,0,4,1,1.1932135475111207,-2.272416610582897,1.3098036707912413,0,0.07606545364274744,True,False,False,False,False,4968
2011-06-03,0,6,0,5,1,0.6713622909870578,-1.9270046158642518,0.8053972363328277,1,0.07710455604915793,True,False,False,False,False,5312
2011-06-04,0,6,0,6,0,0.7537598578066468,-1.2098428476688479,-0.8685608891962046,1,0.11814910110237206,True,False,False,False,False,5342
2011-06-05,0,6,0,0,0,0.8270003083670189,0.16886856371549647,-0.6682973939240724,0,0.13373563719852932,True,False,False,True,False,4906
2011-06-06,0,6,0,1,1,0.9917954420061962,-0.1999586928331816,-0.884607726180711,0,-0.2247546930130878,True,False,False,False,False,4548
2011-06-07,0,6,0,2,1,1.1520147641013265,-0.21459235331681736,-0.035748079854230765,0,-0.2850226325848959,True,False,False,False,False,4833
2011-06-08,0,6,0,3,1,1.5273796263335242,-0.04481941080719139,-0.6924449214890402,0,-0.2891790422105378,True,False,False,False,False,4401
2011-06-09,0,6,0,4,1,1.7059076877759667,-0.42242826870226713,-0.5241720707349775,0,0.22725485377547291,True,False,False,True,False,3915
2011-06-10,0,6,0,5,1,1.4129403923633579,-0.16483228744759318,-0.6443172892168885,1,0.4059804676780762,True,False,False,False,False,4586
2011-06-11,0,6,0,6,0,1.24814525872418,0.18350222419913298,-0.4602036603802071,1,0.4215670037742335,True,False,False,False,False,4966
2011-06-12,0,6,0,0,0,1.0696171972817374,0.8391998082508346,-0.34794019489550126,0,0.19504267917674792,True,False,False,False,False,4460
2011-06-13,0,6,0,1,1,0.7537598578066468,-0.9405427481396959,1.4780378855012,0,0.009043348429271198,True,False,False,False,False,5020
2011-06-14,0,6,0,2,1,0.5843889126234212,-0.8527267346757251,1.0135424846021652,0,0.15711544134276523,True,False,False,False,False,4891
2011-06-15,0,6,0,3,1,0.7079852628528043,-1.1015340893029246,-0.2919823243516159,0,-0.06733067844189941,True,False,False,False,False,5180
2011-06-16,0,6,0,4,1,0.7171368859409003,0.42060546055185427,0.20460675051643148,0,-0.3198325631996471,True,False,False,True,False,3767
2011-06-17,0,6,0,5,1,0.831581613082188,0.7543063117149439,-0.6124425528311314,1,0.0287862941510704,True,False,False,False,False,4844
2011-06-18,0,6,0,6,0,1.0925072413442194,0.2947405247742144,-0.9166498854242522,1,0.22621575136906244,True,False,False,False,False,5119
2011-06-19,0,6,0,0,0,1.106240169147484,0.26839572073502294,-1.1408419706780963,0,-0.03667715745279012,True,False,False,True,False,4744
2011-06-20,0,6,0,1,1,0.7537598578066468,0.8274886646952788,-0.45215448452521767,0,0.2542715163421455,True,False,False,True,False,4010
2011-06-21,0,6,0,2,1,1.0055283698094613,0.9972686324859822,-0.2518909892530855,0,0.18724941112866927,False,True,False,True,False,4835
2011-06-22,0,6,0,3,1,1.2939198536780225,0.5552590229569692,-0.23596006040089096,0,0.33739970885498427,False,True,False,False,False,4507
2011-06-23,0,6,0,4,1,1.2664539980714928,0.5259846767086196,0.6210131551874184,0,-0.39672614127402295,False,True,False,True,False,4790
2011-06-24,0,6,0,5,1,1.2435694471801322,-0.3873018633166787,0.4049217605140356,1,0.1628305045780229,False,True,False,False,False,4991
2011-06-25,0,6,0,6,0,1.083350125085002,-1.0195771602572696,0.2445306627571783,1,0.3057070854594645,False,True,False,False,False,5202
2011-06-26,0,6,0,0,0,1.0009525582654137,-0.8088187279437391,-1.2370032208484132,0,0.11087538425749867,False,True,False,False,False,5305
2011-06-27,0,6,0,1,1,1.0146854860686783,0.20984702823832374,-1.0688758991938085,0,-0.2704751988951491,False,True,False,True,False,4708
2011-06-28,0,6,0,2,1,1.353432869606251,0.040074085728698534,-0.5962926863956809,0,0.1581545437491757,False,True,False,False,False,4648
2011-06-29,0,6,0,3,1,1.2664539980714928,-0.9171204610285855,0.9174417642342783,0,-0.012258250902143733,False,True,False,False,False,5225
2011-06-30,0,6,0,4,1,1.0925072413442194,-1.3649821296948372,-0.06789326854871573,0,0.1347747396049398,False,True,False,False,False,5515
2011-07-01,0,7,0,5,1,1.2344123309209154,-1.6313597122959087,-1.1330117324063627,1,0.23920453144919349,False,True,False,False,False,5362
2011-07-02,0,7,0,6,0,1.321385709284552,-1.2918068019955797,-0.9726206346495054,1,0.3488298353254996,False,True,False,False,False,5119
2011-07-03,0,7,0,0,0,1.2023706637703382,0.379626996029027,0.492921790301462,0,0.40234360925563956,False,True,False,True,False,4649
2011-07-04,0,7,1,1,0,1.2573023749833967,0.06641888976788926,-1.405122815294197,0,0.09217154094210996,False,True,False,True,False,6043
2011-07-05,0,7,0,2,1,1.3671657974095155,-0.2672819613952004,-0.8284309180535702,0,0.06099846874979542,False,True,False,False,False,4665
2011-07-06,0,7,0,3,1,1.2206794031176502,0.806995919793327,-0.5241720707349775,0,0.3607795129992202,False,True,False,False,False,4629
2011-07-07,0,7,0,4,1,1.3854745367568282,0.16008696236909956,-0.40418139642948175,0,0.5114493619287404,False,True,False,False,False,4592
2011-07-08,0,7,0,5,1,1.1611718803605433,0.9094526190220107,0.4448971874802541,1,0.43195802783833837,False,True,False,True,False,4040
2011-07-09,0,7,0,6,0,1.2939198536780225,-0.1355579411992436,-0.2919823243516159,1,0.3057070854594645,False,True,False,False,False,5336
2011-07-10,0,7,0,0,0,1.3717416089535637,-0.3521754579310903,-0.09160292094717214,0,0.06151801995300066,False,True,False,False,False,4881
2011-07-11,0,7,0,1,1,1.454139175773152,0.051778204003176204,1.1816607911798125,0,0.7857723972211083,False,True,False,False,False,4086
2011-07-12,0,7,0,2,1,1.6280914256715469,-0.48682199505512785,0.1245399884516826,0,0.06983083920428454,False,True,False,False,False,4258
2011-07-13,0,7,0,3,1,1.3671657974095155,0.022510883035903928,-0.5724671258649126,0,0.05112699588889581,False,True,False,False,False,4342
2011-07-14,0,7,0,4,1,1.0055283698094613,-1.0693372261264942,0.6450061385759703,0,0.031903601370301855,False,True,False,False,False,5084
2011-07-15,0,7,0,5,1,0.9093978751866073,-0.26142990225796076,-0.09981951965994514,1,-0.25488866279899186,False,True,False,False,False,5538
2011-07-16,0,7,0,6,0,1.0375755301311602,-0.3053379089899469,0.22870276335592737,1,0.418449696555002,False,True,False,False,False,5923
2011-07-17,0,7,0,0,0,1.2161035915736027,-0.17068434658483203,0.7012344614285833,0,0.18205389909661684,False,True,False,False,False,5302
2011-07-18,0,7,0,1,1,1.3671657974095155,0.16008696236909956,0.3248034837238148,0,-0.2309893074515507,False,True,False,False,False,4458
2011-07-19,0,7,0,2,1,1.5319609310486935,0.15423490323186073,-0.7725116835537892,0,-0.14162650050024905,False,True,False,False,False,4541
2011-07-20,0,7,0,3,1,1.48618084292373,0.5523294807478111,-0.9886545929526439,0,-0.0979841994310087,False,True,False,False,False,4332
2011-07-21,0,7,0,4,1,1.7425306596417132,0.44109820545380696,0.4048702457885637,0,0.28752279334728104,False,True,False,True,False,3784
2011-07-22,0,7,0,5,1,1.9256345326282038,-0.33753477216637723,-0.7403149801338322,1,0.5233990396024609,False,True,False,False,False,3387
2011-07-23,0,7,0,6,0,1.930215837343373,-0.9024868005449493,-0.7645140224242717,1,0.7234262528364792,False,True,False,False,False,3285
2011-07-24,0,7,0,0,0,1.824928226461302,-0.5453706875518263,-0.27576806450932584,0,0.40078495564602384,False,True,False,False,False,3606
2011-07-25,0,7,0,1,1,1.3488515648910817,0.9035935346036945,-1.284976308944149,0,-0.0377162598592006,False,True,False,False,False,3840
2011-07-26,0,7,0,2,1,1.5044950754421638,-0.6156234983230031,0.12459150317715458,0,0.005406490006834502,False,True,False,False,False,4590
2011-07-27,0,7,0,3,1,1.5228038147894765,-1.5845221633547648,-0.0917059503981161,0,-0.10317971146306112,False,True,False,False,False,4656
2011-07-28,0,7,0,4,1,1.5456938588519584,-0.31704905254550186,-0.15589329833614207,0,-0.38789377081953386,False,True,False,False,False,4390
2011-07-29,0,7,0,5,1,1.8707028214151447,-0.6039123547674481,-0.21179965415455543,1,-0.594155598492015,False,True,False,False,False,3846
2011-07-30,0,7,0,6,0,1.6830231368846063,-1.142519579106829,-0.2839331484966269,1,-0.6471498212189497,False,True,False,False,False,4475
2011-07-31,0,7,0,0,0,1.6921747599727022,-1.0371403629500637,-0.3318933579109947,0,-0.48037388499006695,False,True,False,False,False,4302
2011-08-01,0,8,0,1,1,1.5044950754421638,-0.5453706875518263,-0.4361591622661832,0,-0.3587989034400403,False,True,False,False,False,4266
2011-08-02,0,8,0,2,1,1.5685784097433184,-0.9639580099697289,0.1966090893869144,0,0.03086449896389137,False,True,False,False,False,4845
2011-08-03,0,8,0,3,1,1.2847682305899264,0.2039949691010849,-0.7083372142971308,0,0.06515487837543736,False,True,False,True,False,3574
2011-08-04,0,8,0,4,1,1.165747691904591,0.9065230768128526,0.08456456148546414,0,-0.07304574167715706,False,True,False,True,False,4576
2011-08-05,0,8,0,5,1,1.1703235034486392,0.016651798617587775,-0.07582653627139319,1,-0.3556815962208088,False,True,False,False,False,4866
2011-08-06,0,8,0,6,0,1.2023706637703382,0.8889598741200588,0.4850915520297285,1,-0.028883889404711482,False,True,False,True,False,4294
2011-08-07,0,8,0,0,0,1.344275753347034,0.8743262136364223,0.1404194025784055,0,-0.11876624755921839,False,True,False,False,False,3785
2011-08-08,0,8,0,1,1,1.4678721035764173,-0.25557784312072196,0.020493121679750117,0,-0.1374700908746071,False,True,False,False,False,4326
2011-08-09,0,8,0,2,1,1.5228038147894765,-0.40778758293755407,-0.5082282632014146,0,0.16335005578122813,False,True,False,False,False,4602
2011-08-10,0,8,0,3,1,1.477029219835634,-1.435234940466014,0.12459150317715458,0,-0.4969995234926347,False,True,False,False,False,4780
2011-08-11,0,8,0,4,1,1.2069464753143857,-1.4381644826751723,-0.3321122954942503,0,0.02359078211901798,False,True,False,False,False,4792
2011-08-12,0,8,0,5,1,1.1565905756453743,-1.4996356920999523,-0.8366346380849752,1,0.17426063104853823,False,True,False,False,False,4905
2011-08-13,0,8,0,6,0,1.032994225415991,0.7103983049829586,0.26878121977308983,1,-0.12292265718486033,False,True,False,True,False,4150
2011-08-14,0,8,0,0,0,0.9826438189181008,1.3280399414399138,0.4127519987857691,0,-0.3873742196163286,False,True,False,True,False,3820
2011-08-15,0,8,0,1,1,0.9231308029898724,0.5874558861333995,0.23658451635313285,0,-0.10629701868229258,False,True,False,False,False,4338
2011-08-16,0,8,0,2,1,1.11539179223558,-0.3521754579310903,0.5891384188016613,0,0.03709911340235428,False,True,False,False,False,4725
2011-08-17,0,8,0,3,1,1.2389881424649631,-0.37266117755196565,-0.6042259541183583,0,0.1295792275728874,False,True,False,False,False,4694
2011-08-18,0,8,0,4,1,1.1749048081638085,0.18350222419913298,0.548944054252187,0,0.1358138420113503,False,True,False,False,False,3805
2011-08-19,0,8,0,5,1,1.0284184138719434,0.6635677813228925,-0.6603641262013953,1,0.19452312797354265,False,True,False,True,False,4153
2011-08-20,0,8,0,6,0,1.0970830528882671,0.3210853288134052,-1.1090702637432828,1,-0.1977380304464152,False,True,False,False,False,5191
2011-08-21,0,8,0,0,0,1.1703235034486392,0.9943390902768241,0.7491560347988471,0,-0.36918992750414514,False,True,False,False,False,3873
2011-08-22,0,8,0,1,1,1.06504138573769,-1.1132452328584799,1.1097075983768927,0,-0.10006240424382966,False,True,False,False,False,4758
2011-08-23,0,8,0,2,1,0.7858015249572241,-1.2156949068060867,-0.5643535566030835,0,0.10100391139659906,False,True,False,False,False,5895
2011-08-24,0,8,0,3,1,0.9643295863996666,-0.16483228744759318,0.8052298134750441,0,0.08489782409723656,False,True,False,False,False,5130
2011-08-25,0,8,0,4,1,1.023842602327895,1.0060502338323791,0.2607835586435724,0,-0.37698319555222376,False,True,False,True,False,3542
2011-08-26,0,8,0,5,1,1.1108159806915316,0.9328678808520442,-1.3731411858530855,1,-0.19617937683679948,False,True,False,False,False,4661
2011-08-27,0,8,0,6,0,1.0009525582654137,1.5563615764462382,2.382984189185245,1,0.34311477209024194,False,True,False,True,False,1115
2011-08-28,0,8,0,0,0,1.1495922756368304,-0.4685703148167762,1.469138716675924,0,-0.3416537137342673,False,True,False,False,False,4334
2011-08-29,0,8,0,1,1,0.7629169740658636,-0.5190258835126348,-0.3961322205744927,0,0.11814910110237206,False,True,False,False,False,4634
2011-08-30,0,8,0,2,1,0.7766499018691287,-0.5629338902446208,-0.8445292697635486,0,0.7088788191467325,False,True,False,False,False,5204
2011-08-31,0,8,0,3,1,0.8727803964919822,-0.21459235331681736,-1.3812444521698202,0,0.3114221486947222,False,True,False,False,False,5058
2011-09-01,0,9,0,4,1,0.8636232802327654,0.07520049111428696,-0.6283219669578539,0,-0.5136251619952025,False,True,False,False,False,5115
2011-09-02,0,9,0,5,1,0.7995344527604893,0.6928351022901648,-0.6523664650718779,1,0.06775263439146356,False,True,False,True,False,4727
2011-09-03,0,9,0,6,0,0.941445035508306,0.6196597745909072,-0.06772584569093215,1,-1.7745759321743253,False,True,False,False,False,4484
2011-09-04,0,9,0,0,0,1.1611718803605433,0.79821431844693,0.20455523579095986,0,-0.10214060905665064,False,True,False,False,False,4940
2011-09-05,0,9,1,1,0,0.9643295863996666,1.1377742540283358,0.2847765420321243,0,0.05372475190492203,False,True,False,True,False,3351
2011-09-06,0,9,0,2,1,0.23190860128258392,1.8159948892132762,1.975064835535759,0,0.3498689377319101,False,True,False,False,True,2710
2011-09-07,0,9,0,3,1,0.5569230570168915,2.0276385069425236,-1.204967500945556,0,0.2740144620639447,False,True,False,False,True,1996
2011-09-08,0,9,0,4,1,0.7477887807977869,2.185580876118283,0.027872606103604116,0,0.3036288806466435,False,True,False,False,True,1842
2011-09-09,0,9,0,5,1,0.8361574246262358,1.8929919698184858,-0.8526299603440098,1,0.10204301380300955,False,True,False,True,False,3544
2011-09-10,0,9,0,6,0,0.891089135839295,0.8801782727736619,-0.4761989826392416,1,-0.024207928575864304,False,True,False,False,False,5345
2011-09-11,0,9,0,0,0,0.8544661639735486,0.5991670296889545,-0.9727236641004492,0,0.21270742008572613,False,True,False,False,False,5046
2011-09-12,0,9,0,1,1,0.8051100214486147,0.4475895651690632,-1.3093852737408866,0,-0.6128594418074037,False,True,False,False,False,4713
2011-09-13,0,9,0,2,1,0.8407332361702834,0.5903854283425576,-0.6282189375069099,0,-0.945891763061964,False,True,False,False,False,4763
2011-09-14,0,9,0,3,1,0.9643295863996666,0.48207666997663423,-0.29986407734882137,0,-1.316851322150507,False,True,False,False,False,4785
2011-09-15,0,9,0,4,1,0.437902518331556,0.5669701665125242,1.0375354679907172,0,-1.3968622074441142,False,True,False,True,False,3659
2011-09-16,0,9,0,5,1,-0.15718918875287896,-0.2672819613952004,-0.34000692717282377,1,-0.512586059588792,False,True,False,True,False,4760
2011-09-17,0,9,0,6,0,-0.0335928385234955,0.6313638928653849,-0.011703581740206836,1,0.4231256573838492,False,True,False,True,False,4511
2011-09-18,0,9,0,0,0,0.05338053984014085,0.4674430094929977,-0.15584178361067008,0,0.2677798476254818,False,True,False,False,False,4274
2011-09-19,0,9,0,1,1,0.28226450095159494,0.4323166041074093,-0.5002306020718975,0,0.09476929695813616,False,True,False,True,False,4539
2011-09-20,0,9,0,2,1,0.35092913996791936,1.7759016101061655,-0.7164379048775922,0,0.12074685711839828,False,True,False,True,False,3641
2011-09-21,0,9,0,3,1,0.5340330129544095,1.9076256303021224,-1.2129084958770544,0,0.1321769835889136,False,True,False,True,False,4352
2011-09-22,0,9,0,4,1,0.7171368859409003,1.922259290785758,-0.8043864199395466,0,-0.45283767122018914,False,True,False,True,False,4795
2011-09-23,0,9,0,5,1,0.6118547682299508,2.416958508393154,-1.4452077110520436,1,0.11918820350878255,False,False,True,True,False,2395
2011-09-24,0,9,0,6,0,0.5981218404266857,1.6441775899102096,-1.4449939249413348,1,-0.010180046089322764,False,False,True,True,False,5423
2011-09-25,0,9,0,0,0,0.749184046262599,1.5212351710606498,-1.8056498058384614,0,-0.13331368124896517,False,False,True,True,False,5010
2011-09-26,0,9,0,1,1,0.831581613082188,1.5446504328906832,-1.0287974427766462,0,0.004367387600424017,False,False,True,True,False,4630
2011-09-27,0,9,0,2,1,0.7629169740658636,1.805175956354515,-0.9325808142764469,0,-0.46218959287788347,False,False,True,True,False,4120
2011-09-28,0,9,0,3,1,0.7537598578066468,1.5475799750998411,-0.5403219371704275,0,-0.09278868739895628,False,False,True,True,False,3907
2011-09-29,0,9,0,4,1,0.653053551639745,0.4967173557413473,-0.22796239927137352,0,0.137372495620966,False,False,True,False,False,4839
2011-09-30,0,9,0,5,1,0.3646620677711839,0.13374215832990805,0.20465826524190345,1,-1.1095503920716152,False,False,True,False,False,5202
2011-10-01,0,10,0,6,0,-0.48220364448718683,0.8801782727736619,1.309919578923553,1,0.4636506512338581,False,False,True,True,False,2429
2011-10-02,0,10,0,0,0,-0.7751709398997956,1.1465558553747328,0.4047672163376197,0,0.2490760043100931,False,False,True,True,False,2918
2011-10-03,0,10,0,1,1,-0.6241087340638828,0.9299383386428861,-1.3810834686527205,0,0.05164654709210106,False,False,True,True,False,3570
2011-10-04,0,10,0,2,1,-0.07479162193328999,0.5728222256497629,0.19666060411238637,0,-0.21332456654257245,False,False,True,False,False,4456
2011-10-05,0,10,0,3,1,0.22275148502336647,0.1366717005390661,-0.171721197737393,0,-0.32398897282528905,False,False,True,False,False,4826
2011-10-06,0,10,0,4,1,-0.01985991072023067,-0.053601012153589075,-0.7164379048775922,0,0.16023274856199668,False,False,True,False,False,4765
2011-10-07,0,10,0,5,1,0.07168927918745367,0.391338139584582,-2.1660919006248793,1,0.3488298353254996,False,False,True,False,False,4985
2011-10-08,0,10,0,6,0,0.13120229511568213,0.5113510162249838,-1.8697212456441754,1,-1.0918856511626371,False,False,True,False,False,5409
2011-10-09,0,10,0,0,0,0.2364844128266316,0.6957646444993228,-1.637315137413832,0,-0.8378251127952736,False,False,True,False,False,5511
2011-10-10,0,10,1,1,0,0.40127954646580954,0.7396726512313082,-1.9096451578849223,0,-0.49907772830545566,False,False,True,False,False,5117
2011-10-11,0,10,0,2,1,0.37839499557444906,1.2665687320151338,-0.6122751299733474,0,-0.03875536226561108,False,False,True,True,False,4563
2011-10-12,0,10,0,3,1,0.25021734062989615,1.9515336370341076,0.7413773112525857,0,0.15347858292032854,False,False,True,False,True,2416
2011-10-13,0,10,0,4,1,0.5019913458038322,1.884210368472089,-0.6284378750901659,0,0.12178595952480875,False,False,True,True,False,2913
2011-10-14,0,10,0,5,1,0.2914161240396909,0.6167302323817491,0.4288503504957476,1,0.23608722422996203,False,False,True,True,False,3644
2011-10-15,0,10,0,6,0,0.04880472829609316,-1.0195771602572696,0.8693012532807585,1,0.45637693438898475,False,False,True,False,False,5217
2011-10-16,0,10,0,0,0,0.07627058390262281,-0.9961548731461592,1.1736760087316631,0,0.5093711571159194,False,False,True,False,False,5041
2011-10-17,0,10,0,1,1,0.19986693413200596,-0.3433938565846934,-0.19581721057688856,0,0.30466798305305404,False,False,True,False,False,4570
2011-10-18,0,10,0,2,1,0.19070981787278912,0.5142805584341419,-1.0366920744552195,0,0.016836616477349832,False,False,True,True,False,4748
2011-10-19,0,10,0,3,1,0.24146122586253457,1.8740237109102686,0.6794179751912204,0,-1.0986398168043052,False,False,True,False,True,2424
2011-10-20,0,10,0,4,1,-0.12057171005825362,0.05470774621233428,2.9838777044525853,0,-0.8404228688112998,False,False,True,False,False,4195
2011-10-21,0,10,0,5,1,-0.38607314986433305,-0.3814427788983626,0.3968210699335746,1,-0.46063093926826776,False,False,True,False,False,4304
2011-10-22,0,10,0,6,0,-0.4135390054708627,0.004947680343110107,-1.2610425674898897,1,0.3566231033735782,False,False,True,False,False,4308
2011-10-23,0,10,0,0,0,-0.4181148170149104,0.7923622593096904,-1.1728776905809535,0,0.2651820916094556,False,False,True,False,False,4381
2011-10-24,0,10,0,1,1,-0.18923634907457776,1.0089727507604598,-0.9245831531469297,0,0.020473474899786525,False,False,True,False,False,4187
2011-10-25,0,10,0,2,1,-0.1434562609496141,-0.038960326388875234,-0.3081321907870664,0,0.11295358907031963,False,False,True,False,False,4687
2011-10-26,0,10,0,3,1,-0.07479162193328999,0.6460045786300979,-0.540154514312644,0,-1.0944834071786633,False,False,True,True,False,3894
2011-10-27,0,10,0,4,1,-0.15261337720883125,1.2958430782634833,0.0924591931640376,0,-0.1743582263021793,False,False,True,True,False,2659
2011-10-28,0,10,0,5,1,-0.917081522647613,-0.29948584985270726,0.500919451430979,1,-0.1177271451528079,False,False,True,True,False,3747
2011-10-29,0,10,0,6,0,-1.3382209798336533,1.7846832114525626,2.070727680737135,1,-0.11564894033998693,False,False,True,False,True,627
2011-10-30,0,10,0,0,0,-0.981164856948768,-0.033108267251636396,-0.17987340304332602,0,-0.07772170250600426,False,False,True,False,False,3331
2011-10-31,0,10,0,1,1,-0.8667256229786015,0.5259846767086196,-1.0848197067273713,0,-0.17851463592782124,False,False,True,False,False,3669
2011-11-01,0,11,0,2,1,-0.5325595441561981,0.38840859737542394,-0.7084917584735467,0,0.08126096567479986,False,False,True,False,False,4068
2011-11-02,0,11,0,3,1,-0.6607317059296293,0.6342934350745429,-1.3972346229563075,0,-0.3307431384669572,False,False,True,False,False,4186
2011-11-03,0,11,0,4,1,-0.49136076074640367,0.5172030753622227,-0.6924449214890402,0,-0.9723888744254313,False,False,True,False,False,3974
2011-11-04,0,11,0,5,1,-0.5188266163529334,-0.04188986859803331,1.0456876732966502,1,-0.4071171653381278,False,False,True,True,False,4046
2011-11-05,0,11,0,6,0,-0.9399660735389735,-0.7678332381398345,-0.019598213418780305,1,-2.0281169193384834,False,False,True,False,False,3926
2011-11-06,0,11,0,0,0,-0.8209510280247593,0.7455247103685471,-1.2689307598277793,0,-0.6232504658715086,False,False,True,False,False,3649
2011-11-07,0,11,0,1,1,-0.5646012113067755,0.9153046781592503,-1.7174849289295249,0,-0.4476421591881367,False,False,True,False,False,4035
2011-11-08,0,11,0,2,1,-0.49136076074640367,0.6547861799764948,-1.5653555052702284,0,-0.24034122910924505,False,False,True,False,False,4205
2011-11-09,0,11,0,3,1,-0.5371353557002458,0.9123751359500922,-1.653467579585556,0,-0.17903418713102648,False,False,True,False,False,4109
2011-11-10,0,11,0,4,1,-0.6469987781263644,1.2987655951915642,-0.019533820011940328,0,-0.2891790422105378,False,False,True,True,False,2933
2011-11-11,0,11,1,5,0,-0.9536990013422384,-1.2800956584400247,1.598131589257639,1,-0.2517713555797604,False,False,True,False,False,3368
2011-11-12,0,11,0,6,0,-0.7751709398997956,-0.5307300017871132,0.2766114580448233,1,-0.3141174999643895,False,False,True,False,False,4067
2011-11-13,0,11,0,0,0,-0.3128326993039612,-1.1952091871852117,1.173727523457135,0,-0.4580331832522415,False,False,True,False,False,3717
2011-11-14,0,11,0,1,1,0.1769768900695246,-0.2907042485063104,1.4940847224857061,0,-0.25748641881501805,False,False,True,False,False,4486
2011-11-15,0,11,0,2,1,0.1769768900695246,0.42353500276101236,0.11654232732216552,0,-0.16916271427012688,False,False,True,True,False,4195
2011-11-16,0,11,0,3,1,-0.2258538277692031,2.118384062615653,-0.6922903773126243,0,-0.21903962977783012,False,False,True,False,True,1817
2011-11-17,0,11,0,4,1,-0.8575685067193846,-0.3697386606238841,1.4781924296776159,0,-0.8300318447471949,False,False,True,True,False,3053
2011-11-18,0,11,0,5,1,-1.2283575574075347,-1.5347620974855407,-0.2839846632220988,1,-0.6040270713529146,False,False,True,False,False,3392
2011-11-19,0,11,0,6,0,-0.9262331457357087,-0.8878531400613136,0.43674498217432106,1,-0.2408607803124503,False,False,True,False,False,3663
2011-11-20,0,11,0,0,0,-0.18923634907457776,0.39426065651266357,-0.05967666983594273,0,-0.4227037014342851,False,False,True,True,False,3520
2011-11-21,0,11,0,1,1,-0.2762097274382144,1.9778784410732992,-0.6765139926368454,0,-0.02316882616945382,False,False,True,False,True,2765
2011-11-22,0,11,0,2,1,-0.44558067262144,2.346705697621977,-0.9245831531469297,0,-0.1743582263021793,False,False,True,False,True,1607
2011-11-23,0,11,0,3,1,-0.3128326993039612,0.9094526190220107,1.8705157001904746,0,-1.4098509875242453,False,False,True,True,False,2566
2011-11-24,0,11,1,4,0,-0.683621749992111,-0.5570748058263048,-0.2998125626233494,0,-0.7676857003625659,False,False,True,False,False,1495
2011-11-25,0,11,0,5,1,-0.6744646337328941,0.10739735429071731,-1.1808199733805884,1,-0.5915578424759887,False,False,True,False,False,2792
2011-11-26,0,11,0,6,0,-0.6698888221888464,0.3737749368917882,-1.5732977880698633,1,-0.45075946640736814,False,False,True,False,False,3068
2011-11-27,0,11,0,0,0,-0.21212089996593828,0.4908582713230311,0.23658451635313285,0,-0.5250552884657178,False,False,True,False,False,3071
2011-11-28,0,11,0,1,1,0.03128700559024858,0.8049585882809628,-0.6241235168318916,0,-0.9173164468856756,False,False,True,False,False,3867
2011-11-29,0,11,0,2,1,-0.2167022046811074,1.421708014041124,0.86941716141307,0,-1.518956740197346,False,False,True,True,False,2914
2011-11-30,0,11,0,3,1,-0.9491231897981903,-0.10629062023197132,1.037690012167133,0,-1.020707136323519,False,False,True,False,False,3613
2011-12-01,0,12,0,4,1,-1.0177878288145146,-0.7297843158261653,0.3808772624000117,0,-1.5771464749563333,False,False,True,False,False,3727
2011-12-02,0,12,0,5,1,-1.0086307125552976,-0.01847460676800065,-1.156888807662603,1,-0.9032885643991341,False,False,True,False,False,3940
2011-12-03,0,12,0,6,0,-1.0910282793748864,-0.10921313716005208,-1.2209048691384348,1,-0.7598924323144872,False,False,True,False,False,3614
2011-12-04,0,12,0,0,0,-0.917081522647613,1.0353175547996514,-1.373195276314831,0,-0.7583337787048715,False,False,True,False,False,3485
2011-12-05,0,12,0,1,1,-0.6149571109757871,1.3953632100019324,-1.6533065960684563,0,-0.34477102095349876,False,False,True,True,False,3811
2011-12-06,0,12,0,2,1,-0.19381216061862544,2.2559601419488478,0.5408948783971979,0,-0.8399033176080946,False,False,True,False,True,2594
2011-12-07,0,12,0,3,1,-0.48220364448718683,2.402324847909518,0.9735155429104748,0,-0.4767370265676303,False,False,True,False,True,705
2011-12-08,0,12,0,4,1,-1.2741376455324982,-0.3404643143755353,0.6371630216228689,0,-0.41750818940223267,False,False,True,False,False,3322
2011-12-09,0,12,0,5,1,-1.13680836749985,0.4732950686302373,-1.3891854471013183,1,-0.30684378311951604,False,False,True,False,False,3620
2011-12-10,0,12,0,6,0,-1.2237817458634865,-0.8497971924665672,0.5491114771099709,1,-0.47621747536442505,False,False,True,False,False,3190
2011-12-11,0,12,0,0,0,-1.5213303459912648,-0.9727396113161262,-1.5974981182284398,0,-0.5432395805779012,False,False,True,False,False,2743
2011-12-12,0,12,0,1,1,-1.4251998513684114,0.2976630417022952,-1.637315137413832,0,-0.3738658883329923,False,False,True,False,False,3310
2011-12-13,0,12,0,2,1,-1.1825829624536925,-0.27021150360435847,-0.6443688039423604,0,-1.006159702633772,False,False,True,False,False,3523
2011-12-14,0,12,0,3,1,-0.9903219732079849,0.24790297583307022,-1.6694049477784347,0,-1.9875919254884746,False,False,True,True,False,3740
2011-12-15,0,12,0,4,1,-0.4135390054708627,0.040074085728698534,0.9975600410244988,0,-0.6279264267003557,False,False,True,True,False,3709
2011-12-16,0,12,0,5,1,-0.6744646337328941,-0.8995572583357913,0.9013949272497714,1,-0.47310016814519357,False,False,True,True,False,3577
2011-12-17,0,12,0,6,0,-1.3153364289422926,-0.47511787678064943,0.6772028419959273,1,-0.6965071855234477,False,False,True,True,False,2739
2011-12-18,0,12,0,0,0,-1.4251998513684114,-0.2965563076435492,-0.267937826237592,0,-0.9287465733561909,False,False,True,False,False,2431
2011-12-19,0,12,0,1,1,-1.2146246296042698,0.06348934755873119,-0.22779497641358992,0,-0.6341610411388187,False,False,True,False,False,3403
2011-12-20,0,12,0,2,1,-0.6149571109757871,-0.23215555600961196,-1.6615167554405452,0,-0.5234966348561021,False,False,True,True,False,3750
2011-12-21,0,12,0,3,1,-0.38149733832028504,1.61490324366186,0.39687258465904657,0,-0.4107540237605645,False,False,False,True,False,2660
2011-12-22,0,12,0,4,1,-0.4089631939268147,0.9065230768128526,-1.8456278085409537,0,-0.426860111059927,False,False,False,True,False,3068
2011-12-23,0,12,0,5,1,-0.683621749992111,0.40597180006821854,1.0774593802314638,1,-0.495440869883019,False,False,False,False,False,2209
2011-12-24,0,12,0,6,0,-1.0727195400275737,-0.6039123547674481,-0.0036028911597457943,1,-0.930824778169012,False,False,False,False,False,1011
2011-12-25,0,12,0,0,0,-1.2249737639968101,0.37122475986079445,-0.457099898170523,0,-1.0908465487562264,False,False,False,False,False,754
2011-12-26,0,12,1,1,0,-0.967036420824769,-0.8536119200914417,0.6295259635716552,0,-0.5858427792407311,False,False,False,False,False,1317
2011-12-27,0,12,0,2,1,-0.9491231897981903,0.941649482198441,-0.02747996641598578,0,-0.4055585117285121,False,False,False,True,False,1162
2011-12-28,0,12,0,3,1,-1.0912315267063748,-0.8749968756901875,1.3313625834012437,0,-0.9718693232222261,False,False,False,False,False,2302
2011-12-29,0,12,0,4,1,-1.3702681401553518,-0.3814427788983626,-0.9165983706987803,0,-0.7598924323144872,False,False,False,False,False,2423
2011-12-30,0,12,0,5,1,-1.022363640358562,0.05763728842149236,-0.7243840512816373,1,-1.2061869158677903,False,False,False,False,False,2999
2011-12-31,0,12,0,6,0,-0.48220364448718683,-0.0887274175391775,0.3808257476745397,1,-1.8286092573076704,False,False,False,False,False,2485
2012-01-01,1,1,0,0,0,-0.7019304893394238,0.4498798068002039,0.02039009222880615,0,-1.9621339165314178,False,False,False,False,False,2294
2012-01-02,1,1,1,1,0,-1.2345318817478825,-1.7363595632745095,1.7911830229637007,0,-1.6696265891268665,False,False,False,False,False,1951
2012-01-03,1,1,0,2,1,-1.9104281360267277,-1.3152220638256131,2.2548928242992887,0,-1.750157025623679,False,False,False,False,False,2236
2012-01-04,1,1,0,3,1,-2.1438879086822293,-1.5025652343091103,-0.07577502154592121,0,-1.1578686539697027,False,False,False,True,False,2368
2012-01-05,1,1,0,4,1,-1.2741376455324982,-0.7327068327542461,-0.7804063152323626,0,-1.0950029583818686,False,False,False,False,False,3272
2012-01-06,1,1,0,5,1,-0.898767290129179,-0.6068418969766062,-0.2920338390770879,1,-0.7957414653356489,False,False,False,False,False,4098
2012-01-07,1,1,0,6,0,-0.5737583275659927,-0.6800172246758638,-0.203814871706406,1,-1.0627907837831434,False,False,False,False,False,4521
2012-01-08,1,1,0,0,0,-0.8804585507818662,-1.1483716382440678,0.012340916373816735,0,-1.1620250635953446,False,False,False,False,False,3425
2012-01-09,1,1,0,1,1,-1.5030161134728308,0.5142805584341419,-1.1807658829188428,0,-1.3402311262947428,False,False,False,True,False,2376
2012-01-10,1,1,0,2,1,-1.0386838517599621,0.1268714334364875,-0.03904502228443443,0,-1.1921590333812488,False,False,False,False,False,3598
2012-01-11,1,1,0,3,1,-1.2283575574075347,1.5387983737534443,-0.7645140224242717,0,-1.1235782745581568,False,False,False,True,False,2177
2012-01-12,1,1,0,4,1,-0.6332658503230997,1.2255902674923065,-0.12385113909260106,0,-0.6539039868606179,False,False,False,True,False,4097
2012-01-13,1,1,0,5,1,-1.2283575574075347,-0.8497971924665672,2.4150649844728904,1,-0.2247546930130878,False,False,False,False,False,3214
2012-01-14,1,1,0,6,0,-1.7456330023875497,-1.2010612463224506,-0.04379725570922018,1,-0.004984534057270342,False,False,False,False,False,2493
2012-01-15,1,1,0,0,0,-1.8188734529479216,-1.4703613458516025,0.7814042529442757,0,-0.5744126527702158,False,False,False,False,False,2311
2012-01-16,1,1,1,1,0,-1.6907012911744905,-0.7444179763098018,0.5251184937214189,0,-1.119421864932515,False,False,False,False,False,2298
2012-01-17,1,1,0,2,1,-0.6852147696172898,0.6155851115661788,2.0418665557914855,0,-0.4845302946157089,False,False,False,True,False,2935
2012-01-18,1,1,0,3,1,-1.0681437284835258,-1.300588403341977,2.895710251807375,0,-1.222812554370358,False,False,False,False,False,3376
2012-01-19,1,1,0,4,1,-1.6907012911744905,-0.9200500032377436,0.3808772624000117,0,-0.22527424421629302,False,False,False,False,False,3292
2012-01-20,1,1,0,5,1,-1.5396390853385777,-1.2537508544008331,0.15668517714616792,1,-0.6840379566465219,False,False,False,True,False,3163
2012-01-21,1,1,0,6,0,-1.7822559742532962,1.4246375562502822,0.41286790691808106,1,-1.0586343741575015,False,False,False,True,False,1301
2012-01-22,1,1,0,0,0,-1.8417634970104033,1.178752718551163,0.11660672072900549,0,-1.1531926931408556,False,False,False,True,False,1977
2012-01-23,1,1,0,1,1,-1.5350632737945298,1.986660042419696,-1.0286944133257023,0,-1.1599468587825237,False,False,False,True,False,2432
2012-01-24,1,1,0,2,1,-0.8529926951753366,1.4568344194267124,-0.8605117133412153,0,-0.8289927423407845,False,False,False,False,False,4339
2012-01-25,1,1,0,3,1,-1.118494134981416,0.10739735429071731,-0.3800853835899862,0,-0.5998706617272727,False,False,False,False,False,4270
2012-01-26,1,1,0,4,1,-0.8575685067193846,0.991409548067666,-1.509226348264149,0,-0.643512962796513,False,False,False,True,False,4075
2012-01-27,1,1,0,5,1,-0.39980607766759785,0.7923622593096904,1.958631638110213,1,-0.7105350680099892,False,False,False,True,False,3456
2012-01-28,1,1,0,6,0,-0.999479089467202,-0.5980602956302092,0.2607320439181004,1,-1.6779394083781503,False,False,False,False,False,4023
2012-01-29,1,1,0,0,0,-1.1825829624536925,-2.228508603850911,0.6370599921719252,0,-1.3267227950114064,False,False,False,False,False,3243
2012-01-30,1,1,0,1,1,-1.2558234130140642,-1.5991628491194783,0.32464893954739915,0,-1.0903269975530212,False,False,False,False,False,3624
2012-01-31,1,1,0,2,1,-0.5920670669133051,-1.4879245485443968,0.9173902495088063,0,-0.09954285304062442,False,False,False,False,False,4509
2012-02-01,1,2,0,3,1,-0.15718918875287896,-0.8468676502574091,-0.019533820011940328,0,-0.13539188606178615,False,False,False,False,False,4579
2012-02-02,1,2,0,4,1,-0.5417111672442938,0.31230372746700824,-0.0437457409837482,0,-0.23670437068680836,False,False,False,True,False,3761
2012-02-03,1,2,0,5,1,-1.0132120172704668,-0.7151436300614522,-0.15567436075288651,1,-0.5583065654708533,False,False,False,False,False,4151
2012-02-04,1,2,0,6,0,-1.283289268620594,1.0616623588388427,-0.884607726180711,1,-0.26372103325348095,False,False,False,True,False,2832
2012-02-05,1,2,0,0,0,-1.2741376455324982,0.4176829436237735,-0.1878710641728431,0,-0.6689709717535699,False,False,False,True,False,2947
2012-02-06,1,2,0,1,1,-1.1819842068014699,-0.044180110229174015,-0.47372627581658894,0,-0.4710219633323726,False,False,False,False,False,3784
2012-02-07,1,2,0,2,1,-0.7889038677030604,-0.9288316045841405,-0.5564202888804061,0,-0.011219148495733248,False,False,False,False,False,4375
2012-02-08,1,2,0,3,1,-1.3244880520303883,0.6635677813228925,-0.7323173190043147,0,0.025149435728633707,False,False,False,True,False,2802
2012-02-09,1,2,0,4,1,-1.278713457076546,-0.4663362754342525,0.04447322638693371,0,-0.3998434484932544,False,False,False,False,False,3830
2012-02-10,1,2,0,5,1,-1.1917400787129093,-0.621475557460242,-0.9485761365354815,1,-0.19721847924320995,False,False,False,True,False,3831
2012-02-11,1,2,0,6,0,-1.5030161134728308,0.7221094485385136,1.2777228755035959,1,-0.8825065162709245,False,False,False,False,True,2169
2012-02-12,1,2,0,0,0,-2.034024486256111,-1.151301180453226,2.8156434897426266,0,-0.8227581279023216,False,False,False,False,False,1529
2012-02-13,1,2,0,1,1,-1.512173229732048,-1.5259804961391432,-0.3000830149320773,0,-0.38789377081953386,False,False,False,False,False,3422
2012-02-14,1,2,0,2,1,-0.981164856948768,-0.8410155911201694,-0.6362681133618994,0,-0.08083900972523571,False,False,False,True,False,3922
2012-02-15,1,2,0,3,1,-0.8209510280247593,-0.6829467668850219,-0.1156989337866677,0,-0.8980930523670817,False,False,False,False,False,4169
2012-02-16,1,2,0,4,1,-0.9948977847520328,0.8743262136364223,-1.2770340261445141,0,-0.3639944154720927,False,False,False,True,False,3005
2012-02-17,1,2,0,5,1,-0.8484168836312889,0.04299660265677929,0.1965575746614424,1,-0.3634748642688875,False,False,False,False,False,4154
2012-02-18,1,2,0,6,0,-0.8301026511128549,-0.6595315050549885,0.004446284695243265,1,-1.226968963996,False,False,False,False,False,4318
2012-02-19,1,2,0,0,0,-1.196315890256957,-0.7912555252509452,0.805281328200516,0,-1.559481734047355,False,False,False,True,False,2689
2012-02-20,1,2,1,1,0,-1.196315890256957,-0.8475069508354264,0.49581949360925814,0,-0.5759713063798315,False,False,False,False,False,3129
2012-02-21,1,2,0,2,1,-1.1533263330616168,-0.23966558148105066,0.19489622476497276,0,-0.31619570477721043,False,False,False,False,False,3777
2012-02-22,1,2,0,3,1,-0.5600253997627278,-0.4253507856303479,0.5652098288199493,0,-0.1878665575855156,False,False,False,False,False,4773
2012-02-23,1,2,0,4,1,-0.23958675557246792,-0.5190258835126348,0.004240225793355692,0,-0.7926241581164175,False,False,False,False,False,5062
2012-02-24,1,2,0,5,1,-0.4959365722904517,0.7660174552704997,0.6050822263352238,1,-0.19565982563359424,False,False,False,True,False,3487
2012-02-25,1,2,0,6,0,-1.13680836749985,-1.6342892545050667,2.975725499146652,1,-0.1104534283079345,False,False,False,False,False,2732
2012-02-26,1,2,0,0,0,-1.200891701801005,-1.5347620974855407,0.18861142825739696,0,-0.9568023383292741,False,False,False,False,False,3389
2012-02-27,1,2,0,1,1,-0.7202392286867363,-0.966887552178887,0.9974441328921871,0,-0.7281998089189675,False,False,False,False,False,4322
2012-02-28,1,2,0,2,1,-0.7614380120965307,-1.6342892545050667,0.03648844393878463,0,-0.3915306292419705,False,False,False,False,False,4363
2012-02-29,1,2,0,3,1,-0.8428413149431634,1.2386994419822084,-0.14767669962336907,0,0.1259423691504507,False,False,False,True,False,1834
2012-03-01,1,3,0,4,1,-0.06563999884519431,-0.09164993446725826,0.4688257774619661,0,0.2760926668767657,False,False,False,False,False,4990
2012-03-02,1,3,0,5,1,-0.7934851724182296,0.2010654268919268,-0.5882950252661635,1,-0.5422004781714908,False,False,False,True,False,3194
2012-03-03,1,3,0,6,0,-0.45931360042470487,-0.050671469944431,-0.37998235413904224,1,-0.9344616365914487,False,False,False,True,False,4066
2012-03-04,1,3,0,0,0,-0.9445473782541427,-1.581599646426684,1.8543658337550246,0,-0.5931164960856045,False,False,False,False,False,3423
2012-03-05,1,3,0,1,1,-1.3977339957618817,-0.858578793812964,0.492921790301462,0,-0.10837522349511354,False,False,False,False,False,3333
2012-03-06,1,3,0,2,1,-1.3153364289422926,-1.20691330545969,0.1325376495812,0,-0.08707362416369861,False,False,False,False,False,3956
2012-03-07,1,3,0,3,1,-0.5142453116377642,-0.8088187279437391,1.9987100945273752,0,-1.401018617069756,False,False,False,False,False,4916
2012-03-08,1,3,0,4,1,0.16324396226625948,-0.428280327839506,3.232281710678237,0,0.23868498024598825,False,False,False,False,False,5382
2012-03-09,1,3,0,5,1,-0.4776278329431388,-1.555254842387493,2.887609561226914,1,-0.6944289807106268,False,False,False,True,False,4569
2012-03-10,1,3,0,6,0,-1.1551171068471628,-1.9533494199034434,0.4528948486097715,1,-0.24138033151565555,False,False,False,False,False,4118
2012-03-11,1,3,0,0,0,-0.7473095759725321,-1.064370352404972,0.41215957944284204,0,-0.5754517551766263,False,False,False,False,False,4911
2012-03-12,1,3,0,1,1,-0.17092211655614378,-0.978591670453365,0.22060207277546634,0,-0.6222113634650981,False,False,False,False,False,5298
2012-03-13,1,3,0,2,1,0.3692378793152316,-0.07701627398362174,0.5971360799311783,0,-0.2985309638682322,False,False,False,False,False,5847
2012-03-14,1,3,0,3,1,0.4104366627250264,-0.8527267346757251,-0.9726206346495054,0,0.20023819120880032,False,False,False,False,False,6312
2012-03-15,1,3,0,4,1,0.3280390959054374,-0.3433938565846934,-0.5241720707349775,0,0.44234905190244317,False,False,False,False,False,6192
2012-03-16,1,3,0,5,1,-0.34029855491049055,1.5007424261586977,-0.9967037688076331,1,0.019953923696581284,False,False,False,True,False,4378
2012-03-17,1,3,0,6,0,0.09000351170588795,0.8948119332572977,-1.0287459280511744,1,-0.21436366894898295,False,False,False,True,False,7836
2012-03-18,1,3,0,0,0,-0.13888044940556643,1.2753503333615315,-0.8203817421985811,0,0.1976404351927741,False,False,False,True,False,5892
2012-03-19,1,3,0,1,1,0.2593744568891136,0.7045462458457198,-0.36403854660547974,0,0.39870675083320284,False,False,False,False,False,6153
2012-03-20,1,3,0,2,1,0.3463478352527502,1.260716672877895,-0.8926569020357003,0,0.6839403613928808,False,False,False,False,False,6093
2012-03-21,1,3,0,3,1,0.18613400632874144,1.3543847454791051,-1.3010746606541277,0,0.9255316708833184,True,False,False,True,False,6230
2012-03-22,1,3,0,4,1,0.3097303565581246,1.4246375562502822,-0.9404239312295485,0,0.8631855264986894,True,False,False,False,False,6871
2012-03-23,1,3,0,5,1,0.570655984820156,0.46159095035575887,-0.9566768271159427,1,-0.07928035611561998,True,False,False,True,False,8362
2012-03-24,1,3,0,6,0,0.025914684233611193,1.805175956354515,0.028323359951483607,1,1.7173277045681075,True,False,False,True,False,3372
2012-03-25,1,3,0,0,0,-0.3311414386512737,1.7729720678970076,0.38882340880405714,0,0.7073201655371167,True,False,False,True,False,4996
2012-03-26,1,3,0,1,1,-0.28536684369743154,-1.0576260825709392,2.5272769352321243,0,0.8429230295736849,True,False,False,False,False,5558
2012-03-27,1,3,0,2,1,-0.9582803060574075,-2.377795826739662,-0.04368134757690822,0,0.8117499573813705,True,False,False,False,False,5102
2012-03-28,1,3,0,3,1,-0.07479162193328999,-1.0342108207409058,1.3018704030685637,0,0.8829284722204885,True,False,False,False,False,5698
2012-03-29,1,3,0,4,1,-0.01985991072023067,-1.3298557243092493,1.6622030290633534,0,1.215960793475049,True,False,False,False,False,6133
2012-03-30,1,3,0,5,1,-0.7019304893394238,-0.3346122552382957,-0.6763465697790618,1,1.990611637454065,True,False,False,True,False,5459
2012-03-31,1,3,0,6,0,-0.40438188921164553,0.7718695144077385,0.7731490181873987,1,-0.6019488665400936,True,False,False,True,False,6235
2012-04-01,1,4,0,0,0,-0.3952302661235499,0.3357189892970417,-0.23589566699405098,0,0.2418022874652197,True,False,False,True,False,6041
2012-04-02,1,4,0,1,1,-0.35084544346339813,-0.8719408784216416,1.565471253308435,0,0.5337900636665658,True,False,False,False,False,5936
2012-04-03,1,4,0,2,1,-0.17092211655614378,-1.6284301700867505,-1.16488646879212,0,0.29687471500497536,True,False,False,False,False,6772
2012-04-04,1,4,0,3,1,0.24106571754180076,-1.116174775067638,-0.1237481096416571,0,0.6065272321152997,True,False,False,False,False,6436
2012-04-05,1,4,0,4,1,-0.34487436645453856,-1.786498994321898,0.37277657181955065,0,0.8325320055095801,True,False,False,False,False,6457
2012-04-06,1,4,0,5,1,-0.5188266163529334,-1.766013274701023,1.4141338685532692,1,0.48235449454924684,True,False,False,False,False,6460
2012-04-07,1,4,0,6,0,-0.3311414386512737,-2.6295327235760197,1.0855085560864528,1,0.8855262282365148,True,False,False,False,False,6857
2012-04-08,1,4,0,0,0,0.01218175643034667,-2.477322983759188,0.5410623012549814,0,0.7847332948146978,True,False,False,False,False,5169
2012-04-09,1,4,0,1,1,-0.047325766326760325,-2.1846005971189255,2.1586246810736176,0,0.7301804184781474,True,False,False,False,False,5585
2012-04-10,1,4,0,2,1,-0.2807855389822624,-1.3591300705575986,0.7571536959283646,0,1.1645252243577298,True,False,False,False,False,5918
2012-04-11,1,4,0,3,1,-0.8189570069077252,-1.1163012301270259,1.3482722920374053,0,0.9899560200807684,True,False,False,False,False,4862
2012-04-12,1,4,0,4,1,-0.5508682835035107,-1.139590036897671,1.285875080809529,0,1.0008665953480786,True,False,False,False,False,5409
2012-04-13,1,4,0,5,1,-0.30367558304474407,-1.5464732410410955,-0.45220599925068966,1,1.0024252489576944,True,False,False,False,False,6398
2012-04-14,1,4,0,6,0,-0.015284099176182986,-0.8819940556429975,0.004291740518827675,1,1.2086870766301754,True,False,False,False,False,7460
2012-04-15,1,4,0,0,0,0.5981218404266857,-0.8468676502574091,0.4448971874802541,0,0.3316846456197266,True,False,False,False,False,7132
2012-04-16,1,4,1,1,0,0.9139791799017765,-0.46925879236233325,1.2137544651488255,0,0.5478179461531074,True,False,False,False,False,6370
2012-04-17,1,4,0,2,1,0.6072734635147816,-1.6723381768187358,1.0695132338274187,0,0.720828496820453,True,False,False,False,False,6691
2012-04-18,1,4,0,3,1,-0.18923634907457776,-0.416569184283951,-0.2919823243516159,0,0.17218242623571725,True,False,False,True,False,4367
2012-04-19,1,4,0,4,1,0.003024640171129834,-0.11214267936921016,-1.6053863105663293,0,0.45637693438898475,True,False,False,False,False,6565
2012-04-20,1,4,0,5,1,0.1586681507222118,0.46451346728383963,-0.5243266149113931,1,0.9702130743589693,True,False,False,False,False,7290
2012-04-21,1,4,0,6,0,0.39670373492176125,0.3825565382381851,1.1977591428897907,1,1.5219764521629364,True,False,False,False,False,6624
2012-04-22,1,4,0,0,0,-0.5554440950475587,1.453911902498631,1.9828306804006528,0,1.351563657511617,True,False,False,False,True,1027
2012-04-23,1,4,0,1,1,-0.9674319291455032,0.9709238284467906,1.4541608102449597,0,0.9556656406692224,True,False,False,True,False,3214
2012-04-24,1,4,0,2,1,-0.463894905139874,-1.224476508152484,0.7572567253793081,0,1.1224415768981053,True,False,False,False,False,5633
2012-04-25,1,4,0,3,1,-0.11599040534308447,-1.4088901364268231,-0.9245831531469297,0,-0.08499541935087764,True,False,False,False,False,6196
2012-04-26,1,4,0,4,1,0.003024640171129834,0.9006710176756137,-0.17977037359238207,0,1.0569781252942447,True,False,False,True,False,5026
2012-04-27,1,4,0,5,1,-0.2212780162251551,-1.5991628491194783,2.0225871697836157,1,1.4336527476180454,True,False,False,False,False,6233
2012-04-28,1,4,0,6,0,-0.6653075174736773,-0.9756691535252843,-0.7805608594087782,1,1.087631646283354,True,False,False,True,False,4220
2012-04-29,1,4,0,0,0,-0.2167022046811074,-0.2907042485063104,-0.9488465888442091,0,-1.8202964380563866,True,False,False,False,False,6304
2012-04-30,1,4,0,1,1,-0.1846550443594086,-0.41071712514671216,-0.24399635757451202,0,-0.6840379566465219,True,False,False,True,False,5572
2012-05-01,1,5,0,2,1,0.6347393191213113,0.21862862958472143,-0.44415682339570023,0,0.572756403906959,True,False,False,True,False,5740
2012-05-02,1,5,0,3,1,0.3646620677711839,1.1846047776884019,-0.6764624779113738,0,0.8652637313115104,True,False,False,False,False,6169
2012-05-03,1,5,0,4,1,0.3417720237087025,0.9826279467212691,-0.7326392860385144,0,0.257388823561377,True,False,False,True,False,6421
2012-05-04,1,5,0,5,1,0.712561074396852,0.7513837947868631,-0.3560408854759623,1,0.8844871258301044,True,False,False,False,False,6296
2012-05-05,1,5,0,6,0,0.6805194072462747,0.9006710176756137,-0.48413225036191904,1,-0.16136944622204824,True,False,False,True,False,6883
2012-05-06,1,5,0,0,0,0.35550495151196704,0.7835806579632936,-0.5242235854604491,0,0.9213752612576765,True,False,False,True,False,6359
2012-05-07,1,5,0,1,1,0.2181756734793188,0.2508325180422283,0.5169147736900139,0,0.5410637805114392,True,False,False,True,False,6273
2012-05-08,1,5,0,2,1,0.460792562394038,0.40304225785906045,1.3579956964702324,0,0.6283483826499199,True,False,False,True,False,5728
2012-05-09,1,5,0,3,1,0.4241695905282909,0.8128550042116431,0.33263372199554825,0,0.8512358488249688,True,False,False,True,False,4717
2012-05-10,1,5,0,4,1,0.044223423580924015,-0.5365890862054293,1.5902498362604336,0,0.9821627520326899,True,False,False,False,False,6572
2012-05-11,1,5,0,5,1,0.1952856294168368,-1.8830966091322665,0.5969686570733947,1,0.9172188516320345,True,False,False,False,False,7030
2012-05-12,1,5,0,6,0,0.3646620677711839,-1.040062879878145,-0.8686767973285163,1,1.2221954079135118,True,False,False,False,False,7429
2012-05-13,1,5,0,0,0,0.6301635075772636,-0.3668091184147261,0.4447426433038385,0,0.9499505774339648,True,False,False,False,False,6118
2012-05-14,1,5,0,1,1,0.41501247426907406,1.1319151696100198,0.28472502730665233,0,0.905269173958314,True,False,False,True,False,2843
2012-05-15,1,5,0,2,1,0.6255876960332153,1.1670415749956082,-0.5562528660226225,0,0.622113768211457,True,False,False,True,False,5115
2012-05-16,1,5,0,3,1,0.7629169740658636,0.48793575439495035,-0.8766744584580338,0,0.09684750177095713,True,False,False,False,False,7424
2012-05-17,1,5,0,4,1,0.5248758966951926,-0.7619811790025957,0.5008679367055074,0,1.0606149837166814,True,False,False,False,False,7384
2012-05-18,1,5,0,5,1,0.3646620677711839,-0.7385659171725623,-0.6924449214890402,1,1.2985694347846823,True,False,False,False,False,7639
2012-05-19,1,5,0,6,0,0.5614988685609392,-1.2098428476688479,-1.3729802023359858,1,1.505870364863574,True,False,False,False,False,8294
2012-05-20,1,5,0,0,0,0.6759381025311055,-0.6887988260222607,0.8214440733173345,0,0.8247387374615015,True,False,False,False,False,7129
2012-05-21,1,5,0,1,1,0.5523417523017223,1.2841319347079283,0.5488925395267149,0,-0.8767914530356667,True,False,False,True,False,4359
2012-05-22,1,5,0,2,1,0.6438964353805281,0.9650647440284745,-0.932632329001919,0,0.3036288806466435,True,False,False,True,False,6073
2012-05-23,1,5,0,3,1,0.6805194072462747,1.0265359534532543,-1.1408419706780963,0,1.5032726088475479,True,False,False,True,False,5260
2012-05-24,1,5,0,4,1,0.8636232802327654,0.6196597745909072,-0.22779497641358992,0,1.4824905607193382,True,False,False,False,False,6770
2012-05-25,1,5,0,5,1,1.0009525582654137,0.8333407238325184,-0.6443688039423604,1,1.6149761175366748,True,False,False,False,False,6734
2012-05-26,1,5,0,6,0,1.0696171972817374,0.7308910498849113,0.10828709256528853,1,1.9552821556361084,True,False,False,False,False,6536
2012-05-27,1,5,0,0,0,1.0558842694784725,0.48207666997663423,0.31665127841788177,0,1.3500050039020013,True,False,False,False,False,6591
2012-05-28,1,5,1,1,0,1.1794806197078562,0.3357189892970417,0.07646387090500309,0,-0.08915182897651958,True,False,False,False,False,6043
2012-05-29,1,5,0,2,1,1.2344123309209154,0.39426065651266357,1.3498950058897714,0,0.8013589333172656,True,False,False,False,False,5743
2012-05-30,1,5,0,3,1,0.8727803964919822,0.29181098256505633,-0.7244870807325813,0,0.37896380511140365,True,False,False,True,False,6855
2012-05-31,1,5,0,4,1,1.0009525582654137,-0.9522468664141739,0.060468548645968574,0,1.1634861219513193,True,False,False,False,False,7338
2012-06-01,1,6,0,5,1,0.8590474686887177,0.8918894163292169,0.6050307116097519,1,1.1447822786359307,True,False,False,True,False,4127
2012-06-02,1,6,0,6,0,0.46994418548213335,-0.5570748058263048,-0.05179491683873726,1,1.0419111404012926,True,False,False,False,False,8120
2012-06-03,1,6,0,0,0,0.5752317963642043,-0.9493243494860928,-0.08366965322449468,0,1.0704864565775811,True,False,False,False,False,7641
2012-06-04,1,6,0,1,1,0.5477659407576747,-0.9932323562180785,1.2138059798742975,0,0.7857723972211083,True,False,False,False,False,6998
2012-06-05,1,6,0,2,1,0.2364844128266316,-0.10629062023197132,0.2445821774826503,0,0.6299070362595356,True,False,False,True,False,7001
2012-06-06,1,6,0,3,1,0.3097303565581246,-0.12092428071560785,-1.4611991697066677,0,1.207647974223765,True,False,False,False,False,7055
2012-06-07,1,6,0,4,1,0.5752317963642043,-0.43120987004866407,-0.42800695696025015,0,1.458591205371897,True,False,False,False,False,7494
2012-06-08,1,6,0,5,1,0.831581613082188,-1.1278788933421156,-0.19576569585141657,1,-0.20968770812013576,True,False,False,False,False,7736
2012-06-09,1,6,0,6,0,1.1703235034486392,-1.3444964100739623,-0.596241171670209,1,1.8648802462783964,True,False,False,False,False,7498
2012-06-10,1,6,0,0,0,1.2573023749833967,-0.6331867010157977,-0.7323173190043147,0,1.6160152199430853,True,False,False,False,False,6598
2012-06-11,1,6,0,1,1,1.225255214661698,-0.2848451640879942,0.22060207277546634,0,1.2819437962821145,True,False,False,True,False,6664
2012-06-12,1,6,0,2,1,0.8544661639735486,1.439271216733918,0.30860210256289233,0,1.2835024498917302,True,False,False,True,False,4972
2012-06-13,1,6,0,3,1,0.8681990917768131,-0.3258306538918988,1.9665133911074184,0,1.3115582148648135,True,False,False,False,False,7421
2012-06-14,1,6,0,4,1,0.8270003083670189,-0.41364666735587025,0.8132789893300331,0,1.5396411930719147,True,False,False,False,False,7363
2012-06-15,1,6,0,5,1,0.7766499018691287,-0.27314104581351656,-0.17987340304332602,1,1.6653725842475833,True,False,False,False,False,7665
2012-06-16,1,6,0,6,0,0.735451118459334,-0.8732124542965998,-0.3080162826547544,1,1.5417193978847357,True,False,False,False,False,7702
2012-06-17,1,6,0,0,0,0.520300085151145,-0.2087402941795785,-0.5882950252661635,0,1.0741233150000178,True,False,False,False,False,6978
2012-06-18,1,6,0,1,1,0.3875466186625444,1.0499582405643644,-0.20396941588282158,0,1.1084136944115637,True,False,False,True,False,5099
2012-06-19,1,6,0,2,1,1.0467271532192555,0.4323166041074093,-0.548203690167633,0,0.2293330585882939,True,False,False,False,False,6825
2012-06-20,1,6,0,3,1,1.5640025981992707,-0.25557784312072196,-0.9887189863594839,0,1.501713955237932,True,False,False,False,False,6211
2012-06-21,1,6,0,4,1,1.6921747599727022,-0.4253507856303479,-0.9246475465537695,0,1.471579985452028,False,True,False,False,False,5905
2012-06-22,1,6,0,5,1,1.536536742592741,-0.3843723211075207,-0.09970361152763317,1,1.6284844488200112,False,True,False,False,False,5823
2012-06-23,1,6,0,6,0,1.2847682305899264,-0.6595315050549885,-0.13989797607710755,1,1.6477078433386052,False,True,False,False,False,7458
2012-06-24,1,6,0,0,0,1.3488515648910817,-1.0488444812245419,-0.5802973641366465,0,1.2715527722180098,False,True,False,False,False,6891
2012-06-25,1,6,0,1,1,1.197789359055169,-0.8732124542965998,1.4140694751464296,0,0.29531606139535965,False,True,False,False,False,6779
2012-06-26,1,6,0,2,1,0.7308698137441648,-1.7923580787402142,2.0227030779159274,0,1.1920614381276078,False,True,False,False,False,7442
2012-06-27,1,6,0,3,1,1.0970830528882671,-1.8860261513414245,1.0456361585711782,0,0.873056999359589,False,True,False,False,False,7335
2012-06-28,1,6,0,4,1,1.3808987252127805,-1.4469460840215695,-0.24384181339809644,0,0.7140743311787848,False,True,False,False,False,6879
2012-06-29,1,6,0,5,1,1.847818270523784,-0.9815212126625231,-0.32411463436473287,1,0.671471132515955,False,True,False,False,False,5463
2012-06-30,1,6,0,6,0,1.4678721035764173,-0.1911770914867847,-0.3800853835899862,1,1.520937349756526,False,True,False,False,False,5687
2012-07-01,1,7,0,0,0,1.7471064711857616,-0.7707627803489926,-0.28403617794757047,0,1.2263518175391537,False,True,False,False,False,5531
2012-07-02,1,7,0,1,1,1.559426786655223,-1.2742435993027854,0.06031400446955263,0,1.1681620827801666,False,True,False,False,False,6227
2012-07-03,1,7,0,2,1,1.554845481940054,-0.9581059508324901,-0.8287013703622981,0,1.5126245305052421,False,True,False,False,False,6660
2012-07-04,1,7,1,3,0,1.6006255700650172,-0.6302571588066397,-0.7164894196030642,0,1.4570325517622813,False,True,False,False,False,7403
2012-07-05,1,7,0,4,1,1.8111952986580375,-1.1981317041132924,0.0443701969359901,0,1.2201172031006908,False,True,False,False,False,6241
2012-07-06,1,7,0,5,1,1.8157711102020853,-1.2478987952635945,-0.572351217732601,1,0.4844326993620678,False,True,False,False,False,6207
2012-07-07,1,7,0,6,0,1.998880476359697,-0.9581059508324901,-0.3481076177532848,1,0.6008121688800421,False,True,False,False,False,4840
2012-07-08,1,7,0,0,0,1.783729443051508,-0.3843723211075207,-0.8365316086340315,0,0.5197621811800243,False,True,False,False,False,4672
2012-07-09,1,7,0,1,1,1.1703235034486392,0.38547905516626585,-0.1237481096416571,0,0.8813698186108728,False,True,False,True,False,6569
2012-07-10,1,7,0,2,1,1.225255214661698,0.27424777987226173,-0.5002949954787371,0,1.1063354895987427,False,True,False,True,False,6290
2012-07-11,1,7,0,3,1,1.2023706637703382,0.03421500131038238,-0.5003465102042092,0,1.4923620335802377,False,True,False,False,False,7264
2012-07-12,1,7,0,4,1,1.197789359055169,-0.6946579104405769,-0.5641990124266679,0,0.8886435354557463,False,True,False,False,False,7446
2012-07-13,1,7,0,5,1,1.2847682305899264,-1.0020139575644753,-1.4132260816109319,1,0.870978794546768,False,True,False,True,False,7499
2012-07-14,1,7,0,6,0,1.1291247200388446,0.4967173557413473,-0.6040714099419424,1,0.16075229976520192,False,True,False,True,False,6969
2012-07-15,1,7,0,0,0,1.3625844926943462,0.6284413759373041,-0.3080162826547544,0,0.07346769762672123,False,True,False,False,False,6031
2012-07-16,1,7,0,1,1,1.4587149873172003,0.11617895563711422,-0.3399554124473518,0,1.0590563301070657,False,True,False,False,False,6830
2012-07-17,1,7,0,2,1,1.760839398989026,-0.8615083360221221,-0.9807728399554384,0,0.9141015444128031,False,True,False,False,False,6786
2012-07-18,1,7,0,3,1,1.6235101209563778,-0.3609570592774872,-0.6843957456340508,0,1.420144416334709,False,True,False,False,False,5713
2012-07-19,1,7,0,4,1,1.4953379591829468,-0.19702915062402354,-0.3239600901883173,0,1.514702735318063,False,True,False,False,False,6591
2012-07-20,1,7,0,5,1,0.9231308029898724,1.515383111923411,0.2367519392109168,1,1.542238949087941,False,True,False,True,False,5870
2012-07-21,1,7,0,6,0,0.5386088244984573,1.6646703348121614,0.29255526557838585,1,1.2668768113891626,False,True,False,False,True,4459
2012-07-22,1,7,0,0,0,0.9322879192490893,0.941649482198441,-1.2448914131863027,0,0.7795377827826454,False,True,False,True,False,7410
2012-07-23,1,7,0,1,1,1.3396999418029858,0.46159095035575887,-0.6684133020563844,0,1.194659194143634,False,True,False,False,False,6966
2012-07-24,1,7,0,2,1,1.390050348300876,0.18643176640829107,0.26878121977308983,0,1.1717989412026033,False,True,False,False,False,7592
2012-07-25,1,7,0,3,1,1.2435694471801322,-1.2537508544008331,-0.3320607807687783,0,0.6143205001633784,False,True,False,False,False,8173
2012-07-26,1,7,0,4,1,1.5319609310486935,-0.22337395466321505,1.2135484062469375,0,1.0704864565775811,False,True,False,False,False,6861
2012-07-27,1,7,0,5,1,1.559426786655223,-0.2380146404279281,-0.48413225036191904,1,0.6958900390666014,False,True,False,False,False,6904
2012-07-28,1,7,0,6,0,1.4175162039074056,-0.10629062023197132,-0.42800695696025015,1,-0.03719670865599536,False,True,False,False,False,6685
2012-07-29,1,7,0,0,0,1.2298365193768672,-0.033108267251636396,-0.2599916798335469,0,1.4959988920026743,False,True,False,False,False,6597
2012-07-30,1,7,0,1,1,1.2801869258747574,0.28302938121865867,-0.4760830745069296,0,1.265318157779547,False,True,False,False,False,7105
2012-07-31,1,7,0,2,1,1.1840564312519037,0.5318437611269358,-0.3240116049137893,0,1.5905572109860284,False,True,False,False,False,7216
2012-08-01,1,8,0,3,1,1.2069464753143857,0.3445005906434386,-0.6362681133618994,0,1.8924164600482742,False,True,False,False,False,7580
2012-08-02,1,8,0,4,1,1.3992074645600927,0.21862862958472143,-0.7885585205382957,0,1.2107652814429963,False,True,False,False,False,7261
2012-08-03,1,8,0,5,1,1.4724479151204648,0.09861575294431961,0.32464893954739915,1,1.2331059831808218,False,True,False,True,False,7175
2012-08-04,1,8,0,6,0,1.6235101209563778,-0.10629062023197132,0.8612520774257694,1,1.1193242696788739,False,True,False,False,False,6824
2012-08-05,1,8,0,0,0,1.4907621476388992,0.16886856371549647,1.2857720513585849,0,1.0736037637968125,False,True,False,False,False,5464
2012-08-06,1,8,0,1,1,1.3992074645600927,0.18057970727105224,-0.7885585205382957,0,1.3375357750250756,False,True,False,True,False,7013
2012-08-07,1,8,0,2,1,1.307652781481287,0.5289142189177777,-0.9488465888442091,0,1.3952059585808574,False,True,False,True,False,7273
2012-08-08,1,8,0,3,1,1.3854745367568282,0.31230372746700824,-1.0287974427766462,0,1.5843225965475656,False,True,False,True,False,7534
